time_s,fusion_absolute_error_cm,model1_fixed_absolute_error_cm,model2_fixed_absolute_error_cm
0.05,8.708959829987236,5.24501528568193,2.3041258536080416
0.15000000000000002,8.740589372271325,5.410696339264804,2.6438737327792348
0.25000000000000006,8.742526046781162,5.634843590584125,3.0718783238469527
0.35000000000000003,8.679632330378347,5.92654479906319,3.555021155779853
0.45000000000000007,8.512020207510053,6.290406951894107,4.06270883376643
0.5500000000000002,8.215185659788862,6.710575813318132,4.579394050556269
0.6500000000000001,7.798226830187575,7.14508407271723,5.110151878703532
0.7500000000000002,7.299603843330342,7.535548963854764,5.681146396266518
0.8500000000000002,6.758368532806389,7.825138426079132,6.327447536026544
0.9500000000000002,6.198372070189254,7.970725009221374,7.0684962096082815
1.0500000000000003,5.637601127035152,7.946605141852328,7.887666408196275
1.1500000000000004,5.10499786167464,7.74354111077183,8.728056957089256
1.2500000000000002,4.641348528461138,7.369985073222382,9.503725570305575
1.3500000000000003,4.291841225751672,6.848759942610872,10.110469474329749
1.4500000000000004,4.098310649728191,6.207511388903252,10.443135005308092
1.5500000000000003,4.087052706740995,5.472548611701304,10.423849788471774
1.6500000000000004,4.250152920845114,4.673349477812054,10.036369835058345
1.7500000000000004,4.540629343141469,3.859374752570148,9.347630977097982
1.8500000000000003,4.889502006228871,3.108366362060582,8.496497184963022
1.9500000000000004,5.2365318913782835,2.5135984116537506,7.650274756948946
2.0500000000000003,5.549580326690335,2.153891390329792,6.948972016604591
2.1500000000000004,5.824906704144676,2.060496493034818,6.468719673455726
2.2500000000000004,6.0662008036062485,2.20218356833425,6.22294095197651
2.35,6.265346425416528,2.4979005495761015,6.186555264313036
2.45,6.396528608617901,2.851461947755099,6.320900685005165
2.5500000000000003,6.42860633195005,3.183718085597079,6.583616539324581
2.6500000000000004,6.343055374346136,3.450568597849656,6.934286615312516
2.7500000000000004,6.142380290970547,3.6378876083957064,7.3388002919233415
2.8500000000000005,5.844350568757921,3.746441734921543,7.772831966147996
2.95,5.472030404253202,3.7754979158315587,8.218984176715873
3.0500000000000003,5.052505442016089,3.715677993731034,8.66521525190383
3.1500000000000004,4.620711484098336,3.5540303926986128,9.107798648768652
3.2500000000000004,4.229076067058071,3.284907231778055,9.553670922551094
3.3500000000000005,3.947436715173242,2.9218089708975574,10.009971619218618
3.4500000000000006,3.8487195367543627,2.5021618645032597,10.469188083349247
3.5500000000000007,3.9808330695429284,2.0832504632948416,10.905185762329447
3.6500000000000004,4.334919613378436,1.731629618168175,11.287239919944458
3.7500000000000004,4.839005375955119,1.511397273808778,11.593635939002331
3.8500000000000005,5.385679637319251,1.4730100079313213,11.811082924664479
3.9500000000000006,5.868354861314038,1.6383829026887988,11.92588539591351
4.050000000000001,6.1980626569152575,1.989049046525215,11.923788311846405
4.15,6.309797140572778,2.4681644858177383,11.798058542694426
4.250000000000001,6.170714759348174,3.003837315723762,11.552529776490282
4.3500000000000005,5.790405241712221,3.5328046838530582,11.195513816468216
4.450000000000001,5.2176895699156205,4.011288405216987,10.733525095145568
4.550000000000001,4.520053343141751,4.414825856511894,10.175637082228715
4.65,3.7707609015567933,4.73455932422948,9.540252753526755
4.750000000000001,3.0469859058433038,4.973611800039401,8.853561250142702
4.8500000000000005,2.43091796839151,5.1356332119583845,8.141599290674689
4.950000000000001,1.9978157960301481,5.210169011503351,7.428703859059592
5.050000000000001,1.7947380469847254,5.167209402594281,6.744362759156646
5.150000000000001,1.8244957695649062,4.971110433429883,6.12538329658501
5.250000000000001,2.0457514093241587,4.605274545813062,5.608014482564016
5.3500000000000005,2.3892304312519923,4.087831498648645,5.215737208287149
5.450000000000001,2.7823490058379936,3.4696233460833477,4.9567962507334995
5.550000000000001,3.170044946055073,2.824062585057839,4.829428928971499
5.650000000000001,3.520889865801958,2.242692493146326,4.827641264939379
5.750000000000001,3.821196498972338,1.8251222300072654,4.940868747143517
5.8500000000000005,4.064414065923836,1.6531441035973615,5.152033540959509
5.950000000000001,4.244200005817226,1.75911244899408,5.440786178630368
6.050000000000001,4.353067931811382,2.1132673026768845,5.791301033616456
6.150000000000001,4.384008775656576,2.6401807238786983,6.194637720258328
6.250000000000001,4.3378254445700755,3.2501147281009364,6.641882349925018
6.350000000000001,4.233382996514654,3.868066184923423,7.11940805685244
6.450000000000001,4.109928587985888,4.446992673369254,7.614881483066223
6.550000000000001,4.01018380447461,4.962633078008845,8.122624163235868
6.650000000000001,3.9592709156354817,5.395198113964536,8.637297572801792
6.750000000000001,3.963254763071154,5.720335635620547,9.142436743497042
6.850000000000001,4.032614956721375,5.918769128285461,9.610986716598356
6.950000000000001,4.195619733748382,5.990493554873765,10.017023047109669
7.050000000000002,4.4774205656032855,5.959934782294156,10.341382059436985
7.150000000000001,4.864137350743161,5.869121451858159,10.565392651382256
7.250000000000001,5.292127147956308,5.764239855876919,10.666387931315455
7.350000000000001,5.67725903434424,5.679374123128941,10.626400432068262
7.450000000000001,5.95125748620955,5.621556253133775,10.446135882881759
7.550000000000002,6.075939381809188,5.562266373123103,10.14799483896916
7.650000000000001,6.030010822981606,5.448934875305011,9.765820793108189
7.750000000000001,5.797804757599951,5.236523354130107,9.334299229919695
7.850000000000001,5.381264927737854,4.927066007954617,8.887466752418296
7.950000000000001,4.8190596001170505,4.587930846283152,8.460315369041718
8.050000000000002,4.193761206229495,4.320774667998606,8.085653074286466
8.150000000000002,3.611496844416778,4.1984122512682545,7.788596962839093
8.250000000000002,3.1716362181503115,4.218699702572442,7.583189252400124
8.350000000000003,2.938829458776218,4.308074740574424,7.472626311837934
8.450000000000003,2.926907891246111,4.360534592728543,7.449368341277312
8.550000000000002,3.0993483280792806,4.286061212619208,7.498166627275603
8.650000000000002,3.3868329485960253,4.049721071482157,7.601066716463284
8.750000000000002,3.7132546192712357,3.680110206774904,7.742137248267425
8.850000000000003,4.013196091173903,3.251540699009292,7.908097023040585
8.950000000000003,4.241987346449729,2.8516226226572337,8.087402731697287
9.050000000000002,4.380114725314256,2.5569442041896084,8.270964588173204
9.150000000000002,4.42635408377301,2.416392156484425,8.453655440746067
9.250000000000002,4.383620409050088,2.4372519742419176,8.63403169228825
9.350000000000003,4.247061164604821,2.5845437253228223,8.811615934780084
9.450000000000003,4.014102830334633,2.79890579157276,8.983885094446297
9.550000000000002,3.7053721373653294,3.0221277677862126,9.14526586363484
9.650000000000002,3.3707768066778927,3.2072847398319944,9.28931863670603
9.750000000000002,3.0639476205780865,3.3228609568665717,9.411382065058268
9.850000000000003,2.810096033178414,3.354098310640492,9.50966291607804
9.950000000000003,2.595764671492363,3.297372957392022,9.58342197059163
10.050000000000002,2.3923188712407075,3.1512632362942874,9.6322475632454
10.150000000000002,2.1875326840872193,2.913162351460662,9.656721268481705
10.250000000000004,1.9982161221509869,2.595482571593057,9.65898618272039
10.350000000000003,1.853786388613396,2.239265473170947,9.642898747894023
10.450000000000003,1.7729653400554712,1.911819016395858,9.6152859570656
10.550000000000002,1.75801815548655,1.682629016306264,9.586550104445674
10.650000000000002,1.8066303574718021,1.5955344818428532,9.567603765076006
10.750000000000004,1.9188284842929604,1.6567282465947744,9.561992646440938
10.850000000000003,2.081137798799902,1.843241642482101,9.560527604029412
10.950000000000003,2.2506248558824744,2.1328995435463236,9.545039844908917
11.050000000000002,2.3681271642646124,2.5311855206721607,9.50189219309243
11.150000000000002,2.3968015403672642,3.0700613232905605,9.432994086179677
11.250000000000004,2.3548343658050976,3.7756219147914503,9.357265530080802
11.350000000000003,2.3064813975441774,4.632140574525493,9.3005506255549
11.450000000000003,2.321398926599303,5.576802770905827,9.282803970633315
11.550000000000002,2.434056906007381,6.5217474484739295,9.309633799125095
11.650000000000002,2.6300797954667816,7.385923123004048,9.370202369031743
11.750000000000004,2.8613691920787576,8.109170073019598,9.442857893129407
11.850000000000003,3.074025778138814,8.658658512495784,9.505371404188843
11.950000000000003,3.228596538792298,9.026172987292634,9.545505568027188
12.050000000000002,3.302801005300433,9.222304787045033,9.562618873372411
12.150000000000004,3.2899547109975127,9.263631815490296,9.560741478855185
12.250000000000004,3.1952577356969676,9.159507534815276,9.540968154213836
12.350000000000003,3.0347208419756617,8.909389354114108,9.503258324410483
12.450000000000003,2.823172600150494,8.510428314160082,9.455206251094394
12.550000000000002,2.5644428989649093,7.974015191174965,9.414631091269953
12.650000000000004,2.2572881022690914,7.343390934446589,9.398661583043832
12.750000000000004,1.9208692358028587,6.701692004674277,9.411385737642329
12.850000000000003,1.6172140918564315,6.154676466152792,9.444150847075052
12.950000000000003,1.4363681731710352,5.788803896392591,9.48584000375654
13.050000000000002,1.4488797373601905,5.6321208270686025,9.529866381198218
13.150000000000004,1.6618193838599966,5.647943660482594,9.57237387634611
13.250000000000004,2.017485701850758,5.761886853673112,9.60867631943775
13.350000000000003,2.4325401049962982,5.898610793621652,9.635138713396907
13.450000000000003,2.8432071123961267,6.018474184679379,9.652977149551289
13.550000000000002,3.221460698889246,6.133945738219387,9.667200948796443
13.650000000000004,3.5590965103066563,6.295763955211115,9.681160660226244
13.750000000000004,3.8511375334771345,6.548686245925162,9.693514212291184
13.850000000000003,4.089140241438068,6.889260558152065,9.700941769747468
13.950000000000003,4.266311669454344,7.259621328086869,9.706971071018797
14.050000000000004,4.381996765821152,7.577550591093693,9.72930647898569
14.150000000000004,4.44261685807215,7.773942038075004,9.796922020748527
14.250000000000004,4.4639894108913625,7.809673630199416,9.935850142122016
14.350000000000003,4.469605853225663,7.6749903117876475,10.142232711997618
14.450000000000003,4.480681671587231,7.381425814336496,10.364508608546265
14.550000000000004,4.504231710738051,6.958992405408886,10.51088480334723
14.650000000000004,4.531524417491361,6.454329138288884,10.49051736814608
14.750000000000004,4.549488041126488,5.924572939717388,10.249594916191993
14.850000000000003,4.55201991053089,5.4271694903641405,9.776915247112422
14.950000000000003,4.540908095676115,5.001970525655837,9.088492275982171
15.050000000000004,4.518707353118183,4.673226057576838,8.229630900734422
15.150000000000004,4.487564018544082,4.473246362246357,7.302214247354091
15.250000000000004,4.454191129675531,4.465833477604467,6.4601904637408465
15.350000000000003,4.43028934972147,4.725053667930117,5.847509082871218
15.450000000000003,4.425080884200136,5.277724538032501,5.520769538799525
15.550000000000004,4.439416789865879,6.065464958121806,5.4266852784419966
15.650000000000004,4.47002631328033,6.9685904956123155,5.450930610309279
15.750000000000004,4.520004344795815,7.863079477467339,5.488653921674929
15.850000000000003,4.600151056461282,8.668765034887212,5.485157276432305
15.950000000000005,4.719190484652672,9.373818467579124,5.431011115388672
16.050000000000004,4.871411151772001,10.023207989250942,5.340045405934165
16.150000000000002,5.034090583892711,10.666197188785146,5.230837618965233
16.250000000000004,5.176389427229466,11.297559838788716,5.122077001048958
16.350000000000005,5.273070520935821,11.84135433479924,5.03202961070934
16.450000000000003,5.313411696811249,12.200260147425823,4.9750121402927245
16.550000000000004,5.300610393399704,12.314400319853508,4.958966821559026
16.650000000000006,5.243622968135548,12.177991183772594,4.9830684319470535
16.750000000000004,5.149301616332976,11.814269563442553,5.035942996294232
16.850000000000005,5.022138089663266,11.264324813378634,5.092830255693428
16.950000000000003,4.869074872291035,10.59521801337948,5.117416286834672
17.050000000000004,4.701447813431164,9.900496101943112,5.071840962919549
17.150000000000006,4.530564187558171,9.26155064705201,4.934091411484221
17.250000000000004,4.362443773327056,8.708221383950804,4.707256234953993
17.350000000000005,4.197410224597404,8.223838983693465,4.413640521627583
17.450000000000003,4.033795778939803,7.788197360363645,4.07687679807695
17.550000000000004,3.870311786040587,7.398022611994721,3.7100217230944317
17.650000000000006,3.7071937526274454,7.048218016517426,3.3180030499812725
17.750000000000004,3.546208193790939,6.715941104978616,2.9043772563963275
17.850000000000005,3.3914752488018665,6.378669422706995,2.476051341540752
17.950000000000003,3.248657421223379,6.039396665394941,2.0455965493743316
18.050000000000004,3.1230646503439763,5.720152896490703,1.6387954289555005
18.150000000000006,3.0179213831249365,5.429842803094317,1.2979454487710678
18.250000000000004,2.9329928989123184,5.152363826681458,1.0763688757414887
18.350000000000005,2.8645287815532843,4.866413814595772,1.0190951613947312
18.450000000000003,2.8066438641717024,4.568711829860281,1.1524911307380734
18.550000000000004,2.75524426232507,4.270441812605313,1.4940946565778603
18.650000000000006,2.711642536906951,3.980661908442955,2.0475431690371293
18.750000000000004,2.682364469219466,3.709444194937593,2.7749103397761274
18.850000000000005,2.673300050067336,3.490846770348974,3.5458291782804268
18.950000000000003,2.6823292730048096,3.3897003192159247,4.140106473300296
19.050000000000004,2.6973105733357263,3.468369785132875,4.355818316991952
19.150000000000006,2.7020187173377868,3.739137131716862,4.152033635372935
19.250000000000004,2.6876597805979974,4.14702664913173,3.6997142493184767
19.350000000000005,2.6604612875304463,4.59920279530912,3.271188713473015
19.450000000000003,2.6405322719907534,5.01225009780098,3.0577932006701185
19.550000000000004,2.6527265987072157,5.344965958194521,3.0750916984687167
19.650000000000006,2.7132795331814807,5.594570233766808,3.219200605395229
19.750000000000004,2.8196134711574135,5.776874207348783,3.3774578442869063
19.850000000000005,2.949122318341778,5.90732267670728,3.4903656844978364
19.950000000000003,3.070511285410835,5.996838935807776,3.5529033204333738
