time_s,pid_absolute_error_cm,pid_signed_error_cm,smc_absolute_error_cm,smc_signed_error_cm,fusion_absolute_error_cm,fusion_signed_error_cm
0.05,3.49873509425909,-3.476535159193958,7.185515946860526,7.185515946860526,8.708959829987236,-6.485805281550427
0.15000000000000002,3.418961572967432,-3.369520899315898,7.145591695095335,7.145591695095335,8.740589372271325,-6.192698446413756
0.25000000000000006,3.262298374009809,-3.1694514210708475,7.081183857753424,7.081183857753424,8.742526046781162,-5.798750548431642
0.35000000000000003,3.024952372293638,-2.8682745992050442,6.987724524054655,6.987724524054655,8.679632330378347,-5.317512645294839
0.45000000000000007,2.7394073617809003,-2.487319816581049,6.869475999450674,6.869475999450674,8.512020207510053,-4.756646682429453
0.5500000000000002,2.4517443787827586,-2.0564976663270333,6.740464988449543,6.740464988449543,8.215185659788862,-4.125480703557669
0.6500000000000001,2.1826631355323656,-1.590367922138302,6.617421257077622,6.617421257077622,7.798226830187575,-3.4626243765634985
0.7500000000000002,1.925361038719072,-1.1007055800702905,6.509325627511071,6.509325627511071,7.299603843330342,-2.8428188843003834
0.8500000000000002,1.6854860474710407,-0.6131696357531328,6.414403550102814,6.414403550102814,6.758368532806389,-2.3465190518071513
0.9500000000000002,1.501588889504579,-0.15519458274406644,6.323631998359583,6.323631998359583,6.198372070189254,-2.0213546117257786
1.0500000000000003,1.4164639276677145,0.27074485927089453,6.224183133806622,6.224183133806622,5.637601127035152,-1.8766907144435288
1.1500000000000004,1.4372885290952866,0.6763251635027734,6.0994400781261575,6.0994400781261575,5.10499786167464,-1.905625993787845
1.2500000000000002,1.5342396100697817,1.060945679910366,5.934994163672369,5.934994163672369,4.641348528461138,-2.1017986308619623
1.3500000000000003,1.6775320926645196,1.4093552545616639,5.730974987553365,5.730974987553365,4.291841225751672,-2.4502840676432207
1.4500000000000004,1.8573562311158278,1.7189391897313873,5.508916696340346,5.508916696340346,4.098310649728191,-2.910822257633582
1.5500000000000003,2.0809581806949082,2.0102240154168864,5.301073429168267,5.301073429168267,4.087052706740995,-3.424565178530202
1.6500000000000004,2.3516575926058185,2.307248280891524,5.132431308511124,5.132431308511124,4.250152920845114,-3.938078715370351
1.7500000000000004,2.667735431118441,2.6188859111694414,5.01041506053961,5.01041506053961,4.540629343141469,-4.418808098364319
1.8500000000000003,3.0196595537330797,2.9398088770822017,4.931582785732802,4.931582785732802,4.889502006228871,-4.851198339857068
1.9500000000000004,3.3866589603156294,3.2555648145007248,4.892187204051659,4.892187204051659,5.2365318913782835,-5.227490532626631
2.0500000000000003,3.739236413568903,3.5548375522653255,4.894225027951646,4.894225027951646,5.549580326690335,-5.54850491740729
2.1500000000000004,4.056094923971776,3.8394285621234623,4.941724840706833,4.941724840706833,5.824906704144676,-5.824906704144676
2.2500000000000004,4.33692940669832,4.1247167898525765,5.035987974272456,5.035987974272456,6.0662008036062485,-6.0662008036062485
2.35,4.593158780358942,4.419930827500081,5.1741653665608895,5.1741653665608895,6.265346425416528,-6.265064991519578
2.45,4.841094673755446,4.723740322813705,5.351540477039376,5.351540477039376,6.396528608617901,-6.393736012682789
2.5500000000000003,5.096754947909804,5.031266014878358,5.561603294598079,5.561603294598079,6.42860633195005,-6.415976686894979
2.6500000000000004,5.37105645978518,5.341232626624148,5.78989485096441,5.78989485096441,6.343055374346136,-6.300813487967654
2.7500000000000004,5.654757541764678,5.643925757958431,6.012162699728685,6.012162699728685,6.142380290970547,-6.028369008355233
2.8500000000000005,5.921886577689572,5.918815660930193,6.201165313010515,6.201165313010515,5.844350568757921,-5.588298794952018
2.95,6.158718757363646,6.158122340680454,6.338523833660383,6.338523833660383,5.472030404253202,-4.981378325093544
3.0500000000000003,6.382941981522178,6.382941981522178,6.42284915649135,6.42284915649135,5.052505442016089,-4.224318579377121
3.1500000000000004,6.62090772313569,6.62090772313569,6.470563012641713,6.470563012641713,4.620711484098336,-3.349714674027395
3.2500000000000004,6.875624212741336,6.875624212741336,6.511691985684,6.511691985684,4.229076067058071,-2.394106171682881
3.3500000000000005,7.124164107817465,7.124164107817465,6.579627417471234,6.579627417471234,3.947436715173242,-1.3867692504487574
3.4500000000000006,7.342687775377738,7.342687775377738,6.69863543037896,6.69863543037896,3.8487195367543627,-0.3532964858844752
3.5500000000000007,7.5168870406460275,7.5168870406460275,6.8746690715701995,6.8746690715701995,3.9808330695429284,0.6677368037712621
3.6500000000000004,7.635130421004611,7.635130421004611,7.096446383501654,7.096446383501654,4.334919613378436,1.621065533789228
3.7500000000000004,7.686537983581238,7.686537983581238,7.344347916274071,7.344347916274071,4.839005375955119,2.451443890303231
3.8500000000000005,7.6774294165888275,7.6774294165888275,7.599274859675021,7.599274859675021,5.385679637319251,3.124818600887727
3.9500000000000006,7.637346123354323,7.637346123354323,7.8479040776690345,7.8479040776690345,5.868354861314038,3.6256964767811217
4.050000000000001,7.604011868320883,7.604011868320883,8.084048236344085,8.084048236344085,6.1980626569152575,3.940535640581426
4.15,7.603553882570949,7.603553882570949,8.307366261447065,8.307366261447065,6.309797140572778,4.0490777993812594
4.250000000000001,7.646572857545037,7.646572857545037,8.523696657854025,8.523696657854025,6.170714759348174,3.938870623254705
4.3500000000000005,7.731223470403296,7.730972788741645,8.745048221548515,8.745048221548515,5.790405241712221,3.6235297214146165
4.450000000000001,7.845664161860224,7.84431495786169,8.984563450454525,8.984563450454525,5.2176895699156205,3.14530800366003
4.550000000000001,7.9541778615267935,7.949323069923712,9.244898318264317,9.244898318264317,4.520053343141751,2.5579776937473744
4.65,8.00164164586209,7.98807907389132,9.507604284630467,9.507604284630467,3.7707609015567933,1.9100330337567766
4.750000000000001,7.9431788231664795,7.904169302524571,9.737104458714818,9.737104458714818,3.0469859058433038,1.2396783086575949
4.8500000000000005,7.783795753393644,7.685128917134264,9.898687723166264,9.898687723166264,2.43091796839151,0.5772615034500712
4.950000000000001,7.599681060486315,7.365977085181186,9.977709545752676,9.977709545752676,1.9978157960301481,-0.056749800628482616
5.050000000000001,7.5044218637558755,6.991910818604902,9.98227605672152,9.98227605672152,1.7947380469847254,-0.6561942629618389
5.150000000000001,7.581747915704033,6.572036318900077,9.93146943197507,9.93146943197507,1.8244957695649062,-1.2256620023799032
5.250000000000001,7.829512303200187,6.091185864444597,9.841168377876729,9.841168377876729,2.0457514093241587,-1.7683337680278113
5.3500000000000005,8.17422871781018,5.5482028094051845,9.72191031681245,9.72191031681245,2.3892304312519923,-2.2786682983724162
5.450000000000001,8.529475359007472,4.960170435787324,9.580791416076787,9.580791416076787,2.7823490058379936,-2.7455643442686952
5.550000000000001,8.852313643336537,4.334895606549497,9.415789491744528,9.415789491744528,3.170044946055073,-3.1601430709570675
5.650000000000001,9.128358331568338,3.665635584563823,9.208348264295395,9.208348264295395,3.520889865801958,-3.5189454683231443
5.750000000000001,9.316820782692997,2.943668622895185,8.935316162865648,8.935316162865648,3.821196498972338,-3.821060919217738
5.8500000000000005,9.345170692626466,2.163664465289777,8.593784211747373,8.593784211747373,4.064414065923836,-4.064414065923836
5.950000000000001,9.167625774322094,1.319276031034795,8.21041141490194,8.21041141490194,4.244200005817226,-4.243503960527065
6.050000000000001,8.815057711250907,0.42890755445922985,7.821987558095221,7.821987558095221,4.353067931811382,-4.349038339005481
6.150000000000001,8.372734151295113,-0.4423183616371196,7.455077680975358,7.455077680975358,4.384008775656576,-4.368857252724176
6.250000000000001,7.9094122597346495,-1.2083934429538146,7.125100765675728,7.125100765675728,4.3378254445700755,-4.293544920312152
6.350000000000001,7.447725576490411,-1.8169230337024274,6.844928723101283,6.844928723101283,4.233382996514654,-4.128176011144942
6.450000000000001,6.991845704238542,-2.261493912524998,6.622590896784997,6.622590896784997,4.109928587985888,-3.9007721918040485
6.550000000000001,6.548503121600678,-2.551147304977751,6.45603835284643,6.45603835284643,4.01018380447461,-3.652995789116046
6.650000000000001,6.1112429130871435,-2.6842960793082984,6.335769053938166,6.335769053938166,3.9592709156354817,-3.416266308290083
6.750000000000001,5.651539817491168,-2.6547403459078858,6.2545917226290815,6.2545917226290815,3.963254763071154,-3.198366903955653
6.850000000000001,5.155677004690361,-2.4705843956463207,6.210377041435226,6.210377041435226,4.032614956721375,-2.994402977906244
6.950000000000001,4.658243383199377,-2.1525088629370144,6.203976170374722,6.203976170374722,4.195619733748382,-2.803425539108355
7.050000000000002,4.216812124413422,-1.7162206084755882,6.236024179358331,6.236024179358331,4.4774205656032855,-2.6279637527911714
7.150000000000001,3.853140092993289,-1.1672164370395848,6.306425242905378,6.306425242905378,4.864137350743161,-2.461474772654241
7.250000000000001,3.543710272314372,-0.5309731426057901,6.414867457516353,6.414867457516353,5.292127147956308,-2.2851560359805987
7.350000000000001,3.265243400514665,0.125026317046139,6.560905717855415,6.560905717855415,5.67725903434424,-2.0797084070232805
7.450000000000001,3.0242798719526593,0.7185521155394564,6.743483077759773,6.743483077759773,5.95125748620955,-1.8334373003650921
7.550000000000002,2.8408435001889156,1.2141039148281099,6.9557203042241085,6.9557203042241085,6.075939381809188,-1.5405734343993442
7.650000000000001,2.7255437009846006,1.63212873856524,7.178985254745422,7.178985254745422,6.030010822981606,-1.194785883349583
7.750000000000001,2.69867845798802,2.025515756803951,7.382777158386797,7.382777158386797,5.797804757599951,-0.7935152049381795
7.850000000000001,2.8104800672536165,2.4488849677863946,7.535444412642821,7.535444412642821,5.381264927737854,-0.34698581039715826
7.950000000000001,3.1110066131495135,2.948785885677696,7.618676015309043,7.618676015309043,4.8190596001170505,0.1190703033623338
8.050000000000002,3.5918756971795625,3.531840004051555,7.634986016563916,7.634986016563916,4.193761206229495,0.5775718190449448
8.150000000000002,4.159270973692372,4.141888297609777,7.601327391711464,7.601327391711464,3.611496844416778,1.0140392389900497
8.250000000000002,4.6952594201611895,4.6917395775349835,7.53911291394799,7.53911291394799,3.1716362181503115,1.4249535109736486
8.350000000000003,5.1356841584178365,5.1356841584178365,7.468423832671233,7.468423832671233,2.938829458776218,1.8052145038322165
8.450000000000003,5.492259049188936,5.492259049188936,7.408052780905399,7.408052780905399,2.926907891246111,2.145289037880054
8.550000000000002,5.802275280430115,5.802275280430115,7.37314804608422,7.37314804608422,3.0993483280792806,2.441385106496492
8.650000000000002,6.083829129291236,6.083829129291236,7.372851630173544,7.372851630173544,3.3868329485960253,2.700838741204485
8.750000000000002,6.332821009823992,6.332821009823992,7.408826152245314,7.408826152245314,3.7132546192712357,2.9307023664466394
8.850000000000003,6.5440735526734075,6.5440735526734075,7.479271888237681,7.479271888237681,4.013196091173903,3.127024881461785
8.950000000000003,6.727516971176156,6.727516971176156,7.5813016743296116,7.5813016743296116,4.241987346449729,3.2770293489452405
9.050000000000002,6.900132012928271,6.900132012928271,7.7110135749611395,7.7110135749611395,4.380114725314256,3.3735407476196513
9.150000000000002,7.0743827546260505,7.0743827546260505,7.859096314781845,7.859096314781845,4.42635408377301,3.4183066232373984
9.250000000000002,7.2427885319756165,7.2427885319756165,8.009728652044583,8.009728652044583,4.383620409050088,3.414713352451609
9.350000000000003,7.373072386066776,7.373072386066776,8.144650988845342,8.144650988845342,4.247061164604821,3.3608589617100897
9.450000000000003,7.422424790111213,7.422424790111213,8.25110112717914,8.25110112717914,4.014102830334633,3.2568195031914717
9.550000000000002,7.360757985956518,7.3595764458238175,8.324867319258024,8.324867319258024,3.7053721373653294,3.1155427931866932
9.650000000000002,7.188152827967281,7.182264653043573,8.368426558183478,8.368426558183478,3.3707768066778927,2.9629484465179043
9.750000000000002,6.9279386551344295,6.907506514917056,8.38657052434338,8.38657052434338,3.0639476205780865,2.819711495305244
9.850000000000003,6.608779458131878,6.553333495928778,8.384034326545397,8.384034326545397,2.810096033178414,2.6853359522848135
9.950000000000003,6.255379667195829,6.128183318436875,8.361391479264185,8.361391479264185,2.595764671492363,2.538660069046092
10.050000000000002,5.903061143264542,5.655753868165424,8.311412477694933,8.311412477694933,2.3923188712407075,2.355968348378606
10.150000000000002,5.619102153420924,5.188225045491296,8.223189870173112,8.223189870173112,2.1875326840872193,2.1279779667290892
10.250000000000004,5.485109807039863,4.77952441334584,8.096198657904349,8.096198657904349,1.9982161221509869,1.8644852240765462
10.350000000000003,5.54885692578992,4.442837988615976,7.951172185982573,7.951172185982573,1.853786388613396,1.5815558442210023
10.450000000000003,5.777603197898572,4.1459692007589535,7.825303353555029,7.825303353555029,1.7729653400554712,1.2877987827917603
10.550000000000002,6.0633420936701485,3.846002801353513,7.753777136484275,7.753777136484275,1.75801815548655,0.9794671162371918
10.650000000000002,6.282530270294554,3.516317850254995,7.754113871814277,7.754113871814277,1.8066303574718021,0.6458361777097197
10.750000000000004,6.367223984312951,3.1480539243225105,7.82361699007388,7.82361699007388,1.9188284842929604,0.2801529446578522
10.850000000000003,6.322550198436522,2.7427418482147004,7.947304332344388,7.947304332344388,2.081137798799902,-0.1132979504240336
10.950000000000003,6.190482632945565,2.312388067153317,8.106193667431903,8.106193667431903,2.2506248558824744,-0.5167071757809356
11.050000000000002,6.002863518324265,1.8671885526963867,8.280264307194079,8.280264307194079,2.3681271642646124,-0.9039708336899285
11.150000000000002,5.7684195045007005,1.4071206239203877,8.447081237981827,8.447081237981827,2.3968015403672642,-1.2499231108406195
11.250000000000004,5.497028358412065,0.926707146475041,8.584131232775858,8.584131232775858,2.3548343658050976,-1.5389985547223548
11.350000000000003,5.220474971091349,0.432949853810621,8.677013002724856,8.677013002724856,2.3064813975441774,-1.768834093612424
11.450000000000003,4.975069249440958,-0.04998672076101151,8.725169754056076,8.725169754056076,2.321398926599303,-1.9463041466692423
11.550000000000002,4.767020387403161,-0.49265189850300234,8.737518104957857,8.737518104957857,2.434056906007381,-2.0774896836058745
11.650000000000002,4.554733770519392,-0.8769042700233224,8.721874708432695,8.721874708432695,2.6300797954667816,-2.1568076381512347
11.750000000000004,4.283504925884293,-1.1885375041301018,8.679566139115938,8.679566139115938,2.8613691920787576,-2.170111471764488
11.850000000000003,3.9276802374295574,-1.4084585661083744,8.609190598878321,8.609190598878321,3.074025778138814,-2.109151629995131
11.950000000000003,3.5013389752419064,-1.5182944159976322,8.512098889405951,8.512098889405951,3.228596538792298,-1.984760167771253
12.050000000000002,3.030376046023724,-1.5165389277670682,8.391851449449307,8.391851449449307,3.302801005300433,-1.8269161060899684
12.150000000000004,2.545080743527063,-1.419212344359423,8.249863830408929,8.249863830408929,3.2899547109975127,-1.67339001265319
12.250000000000004,2.083170491737314,-1.2350359967233122,8.085892085103835,8.085892085103835,3.1952577356969676,-1.555166959089293
12.350000000000003,1.6856357490529084,-0.9529649471195518,7.903937026722545,7.903937026722545,3.0347208419756617,-1.4859536572896577
12.450000000000003,1.3850728010652986,-0.5702198170803581,7.716329746059772,7.716329746059772,2.823172600150494,-1.45477465085438
12.550000000000002,1.1988998258843644,-0.11613043088608946,7.540312661199729,7.540312661199729,2.5644428989649093,-1.4290735590335613
12.650000000000004,1.1312844108211404,0.34960348358704607,7.390735130101608,7.390735130101608,2.2572881022690914,-1.3690234151690148
12.750000000000004,1.1701836513902861,0.7695287851077783,7.274975932925944,7.274975932925944,1.9208692358028587,-1.2480734808355283
12.850000000000003,1.2822756165776383,1.1081206689263725,7.190994362969661,7.190994362969661,1.6172140918564315,-1.0626549431556895
12.950000000000003,1.426076952714738,1.3623476071369789,7.128573174511278,7.128573174511278,1.4363681731710352,-0.8241406694374415
13.050000000000002,1.580413337387981,1.55832541912063,7.0756890049839205,7.0756890049839205,1.4488797373601905,-0.5437054412726171
13.150000000000004,1.7578494286011084,1.7452094043452748,7.02756254115411,7.02756254115411,1.6618193838599966,-0.2306513880519213
13.250000000000004,1.9835100054292814,1.9708465296517028,6.9904132701830575,6.9904132701830575,2.017485701850758,0.10122188254660236
13.350000000000003,2.2737925434270463,2.2601450115745583,6.9757125167183425,6.9757125167183425,2.4325401049962982,0.4367146701305385
13.450000000000003,2.632780763954798,2.621137876010921,6.991190389022956,6.991190389022956,2.8432071123961267,0.771427241799452
13.550000000000002,3.064793593497176,3.057006210180842,7.035142758425584,7.035142758425584,3.221460698889246,1.1118941903555994
13.650000000000004,3.5679166455441336,3.5638378385337766,7.096871743987409,7.096871743987409,3.5590965103066563,1.4634710348795719
13.750000000000004,4.10966931569779,4.107998065517822,7.1615116843034095,7.1615116843034095,3.8511375334771345,1.8203376090669903
13.850000000000003,4.631043987683457,4.6305087570649945,7.216851934515196,7.216851934515196,4.089140241438068,2.1736278511210534
13.950000000000003,5.087221240732111,5.087092451651918,7.258615717497742,7.258615717497742,4.266311669454344,2.520953220110587
14.050000000000004,5.474111526862332,5.474111526862332,7.2908333697813354,7.2908333697813354,4.381996765821152,2.8664368038678893
14.150000000000004,5.8136136127924285,5.8136136127924285,7.321823151991903,7.321823151991903,4.44261685807215,3.2103209834305124
14.250000000000004,6.129273602192765,6.129273602192765,7.358896799614002,7.358896799614002,4.4639894108913625,3.5431666749135604
14.350000000000003,6.44180988942252,6.44180988942252,7.405720081204542,7.405720081204542,4.469605853225663,3.8485479253218293
14.450000000000003,6.769387806720404,6.769387806720404,7.461980934686165,7.461980934686165,4.480681671587231,4.108765928917589
14.550000000000004,7.110040121126932,7.110040121126932,7.524199580463426,7.524199580463426,4.504231710738051,4.309555481701783
14.650000000000004,7.433505703265456,7.433505703265456,7.586499128360472,7.586499128360472,4.531524417491361,4.443897125793363
14.750000000000004,7.702572730383008,7.702572730383008,7.6402054881648365,7.6402054881648365,4.549488041126488,4.516288755075593
14.850000000000003,7.904784422671924,7.904784422671924,7.674559617352337,7.674559617352337,4.55201991053089,4.541739116258212
14.950000000000003,8.037221886592555,8.037221886592555,7.6785929457314985,7.6785929457314985,4.540908095676115,4.538493065862215
15.050000000000004,8.075349722964312,8.075349722964312,7.643492191428472,7.643492191428472,4.518707353118183,4.518315432831945
15.150000000000004,7.972720778773263,7.972720778773263,7.563615613012095,7.563168180902872,4.487564018544082,4.487564018544082
15.250000000000004,7.7142840271018995,7.7142840271018995,7.430797947754791,7.428240235613496,4.454191129675531,4.454191129675531
15.350000000000003,7.342137939056157,7.342137939056157,7.229398918535761,7.217507980932778,4.43028934972147,4.43028934972147
15.450000000000003,6.92115882069174,6.92115882069174,6.941782404865843,6.899678455484836,4.425080884200136,4.425080884200136
15.550000000000004,6.488043702156494,6.483590955166264,6.576274404339874,6.453045386537354,4.439416789865879,4.439416789865879
15.650000000000004,6.060011589283366,6.037781144287712,6.183605750206771,5.877017411014971,4.47002631328033,4.47002631328033
15.750000000000004,5.680623076981446,5.603333648936478,5.8432963517929535,5.18273997141547,4.520004344795815,4.520004344795815
15.850000000000003,5.42588224958999,5.215706402086899,5.627089095817965,4.376752118319962,4.600151056461282,4.600151056461282
15.950000000000005,5.352086943594752,4.888979963413115,5.5718959148289695,3.4751481244031512,4.719190484652672,4.719190484652672
16.050000000000004,5.466726670309371,4.624552895885244,5.6826465613737245,2.530112171095661,4.871411151772001,4.871411151772001
16.150000000000002,5.733284195285755,4.433449770661881,5.939889418968882,1.6211156256402819,5.034090583892711,5.034090583892711
16.250000000000004,6.136530401288933,4.373134412305385,6.300909896467464,0.8108581074504069,5.176389427229466,5.176389427229466
16.350000000000005,6.715176473558594,4.529335216968859,6.702137299103183,0.11797843952865066,5.273070520935821,5.273070520935821
16.450000000000003,7.518462407659514,4.957219664677344,7.065764618732378,-0.4606447090146248,5.313411696811249,5.313411696811249
16.550000000000004,8.507378995395227,5.61161226068288,7.314713142834784,-0.9182062968440735,5.300610393399704,5.300610393399704
16.650000000000006,9.456318738511497,6.256572205517265,7.392350019116429,-1.2347221852532917,5.243622968135548,5.243622968135548
16.750000000000004,10.007262829963146,6.503276705852494,7.284122187336712,-1.4032178010496126,5.149301616332976,5.149301616332976
16.850000000000005,9.872258122056119,6.020234822487636,7.004499529690885,-1.4371580432218223,5.022138089663266,5.022138089663266
16.950000000000003,9.040840567749289,4.780257767630012,6.564389509367299,-1.3524775721446556,4.869074872291035,4.869074872291035
17.050000000000004,7.8066287824449105,3.137106376332325,5.951454722453637,-1.149246137054584,4.701447813431164,4.701447813431164
17.150000000000006,6.576169331090422,1.608667562384537,5.16319743224801,-0.8261010004073754,4.530564187558171,4.530564187558171
17.250000000000004,5.6183186308446995,0.5528886608250546,4.260743327529969,-0.41249152195129435,4.362443773327056,4.362443773327056
17.350000000000005,4.975016232447044,0.00688714779496006,3.3698261202477546,0.025522810258440547,4.197410224597404,4.197410224597404
17.450000000000003,4.576845889054871,-0.1999553218805669,2.6232675208345806,0.42251994108744617,4.033795778939803,4.033795778939803
17.550000000000004,4.350511682923309,-0.2762560010070348,2.104466728597564,0.7457342943480433,3.870311786040587,3.870311786040587
17.650000000000006,4.244226998599747,-0.35593458659833843,1.8401055774126078,0.9898696501020087,3.7071937526274454,3.7071937526274454
17.750000000000004,4.200036694280097,-0.4894296381468783,1.8242251468055588,1.1524777484127489,3.546208193790939,3.546208193790939
17.850000000000005,4.15784913917912,-0.6777826268707334,2.031967267487819,1.2349084003041735,3.3914752488018665,3.3914752488018665
17.950000000000003,4.112110672207004,-0.869088096812699,2.4171600769341386,1.2560989275237289,3.248657421223379,3.248657421223379
18.050000000000004,4.099513874552705,-0.9977695152194748,2.909117145989885,1.2556731471014932,3.1230646503439763,3.1230646503439763
18.150000000000006,4.143069916467639,-1.0245390201578077,3.4322523455607477,1.2705725246889592,3.0179213831249365,3.0179213831249365
18.250000000000004,4.208750276443906,-0.960855573008293,3.9314085691103178,1.3193092134683861,2.9329928989123184,2.9329928989123184
18.350000000000005,4.236469545630141,-0.8536200101223578,4.380676341081929,1.402331118095761,2.8645287815532843,2.8645287815532843
18.450000000000003,4.1951025297975155,-0.7457661321707347,4.768636027958406,1.516043310787308,2.8066438641717024,2.8066438641717024
18.550000000000004,4.104951706647483,-0.6589969254987046,5.079630204769353,1.6592631717698867,2.75524426232507,2.75524426232507
18.650000000000006,4.00550727676572,-0.5850436229990054,5.292212482495739,1.8321285021718976,2.711642536906951,2.711642536906951
18.750000000000004,3.9129575419219864,-0.487569684213627,5.392094989502949,2.0286552424192887,2.682364469219466,2.682364469219466
18.850000000000005,3.8162070860189847,-0.3101373199291439,5.378891747072356,2.2347673931712206,2.673300050067336,2.673300050067336
18.950000000000003,3.7020211885913312,-0.01833459809353526,5.260311084022755,2.4322184697764033,2.6823292730048096,2.6823292730048096
19.050000000000004,3.5730664603728117,0.37316762587593005,5.047444985019394,2.6051093123089815,2.6973105733357263,2.6973105733357263
19.150000000000006,3.4372835343408017,0.8096451654097192,4.760526849244809,2.741801613189872,2.7020187173377868,2.7020187173377868
19.250000000000004,3.295859178734026,1.2419523509535393,4.435131219401273,2.83582993025189,2.6876597805979974,2.6876597805979974
19.350000000000005,3.1464886771122913,1.6455147120374067,4.114138527797756,2.8872114004937774,2.6604612875304463,2.6604612875304463
19.450000000000003,3.0034439719959525,2.0049446849264227,3.8296467941015244,2.9033483296260467,2.6405322719907534,2.6405322719907534
19.550000000000004,2.8893785542377737,2.295283423030445,3.592837763433839,2.8958081526831365,2.6527265987072157,2.6527265987072157
19.650000000000006,2.8090912419959904,2.4910496403870117,3.4008557143682947,2.8747244935908984,2.7132795331814807,2.7132795331814807
19.750000000000004,2.7411924785151722,2.582447481126559,3.249284365609087,2.8471094463110482,2.8196134711574135,2.8196134711574135
19.850000000000005,2.658876515770681,2.5830071495692417,3.13688984656653,2.817914262211133,2.949122318341778,2.949122318341778
19.950000000000003,2.5585448253550505,2.5243941029587456,3.061976423814197,2.7921300711964294,3.070511285410835,3.070511285410835
